Machine_ID,Temperature,Run_Time,Downtime_Flag
52,95.21046708125274,89.46688548662644,0
93,104.7263684510598,104.02046112072787,0
15,85.89957277378076,63.14641201457578,1
72,67.65481816773382,190.54367345465943,0
61,77.02655434792347,133.07033610685644,1
21,81.78493778391811,95.82864659870353,1
83,98.75503447989607,109.5472275611425,0
87,94.24669828013472,117.08038107572534,0
75,81.36580355387078,140.08915000409257,0
75,119.19091492757877,127.35191415447467,1
88,96.34648916141323,187.90879598216262,0
100,74.23360750415966,124.54452243587454,0
24,66.10694835722423,198.8237022234969,0
3,69.17154835105993,177.71374366176437,0
22,74.75746370307048,81.27657715360037,0
53,69.64088239557334,189.58928219658745,0
2,71.19402144307834,67.45495968282141,1
88,77.10571012163082,172.61745627367873,0
30,70.40241571768529,107.093494021487,0
38,113.8059254775855,181.69614806676043,0
2,64.81402473969854,180.20850351611756,1
64,91.47068337421528,170.88881001764315,0
60,84.6238096193797,168.5045654460592,1
21,118.94271701451638,95.70187086470611,0
33,66.72233413008314,62.137892457687826,0
76,83.8713359427445,110.44702681477422,0
58,118.16822599652212,76.0286772479763,0
22,111.93042755363882,154.24266333536926,0
89,109.02432425695679,101.91495898066783,0
49,75.4741696226964,196.34153012898724,1
91,70.25325524340394,146.1458116017998,0
59,100.11859319546586,173.37208454515414,0
42,115.76255934765516,69.87870091127726,0
92,93.40577358083578,179.30217234089338,0
60,94.29676136819398,188.41357857700916,0
80,76.79874561961705,123.05928782284039,0
15,106.16957599151621,140.9379406626466,0
62,71.2226249134514,164.72147013544932,0
62,79.42075418425462,76.22579408906188,0
47,85.526186316985,125.38491146951637,0
62,90.4566227210673,109.79945416584697,0
51,74.54458394490482,71.95609882433737,0
55,66.89020948435221,105.13016334372972,1
64,96.63720254649795,60.22584640782404,0
3,77.31783319441534,53.87178604242305,0
51,94.87429328535674,70.27494337322341,0
7,69.26176291645214,194.46726673837608,1
21,88.86840611128905,132.42943038425256,1
73,91.95536595309515,194.873324172983,0
39,63.109412209345614,114.8746817495198,1
18,80.19625669163523,96.77241996278894,0
4,68.06488061633846,125.92127942603662,0
89,63.80249822836606,115.92675329493652,1
60,119.39761394339672,65.84970263926158,1
14,79.34123069848337,146.12394720353092,0
9,108.5924667512781,82.40572737643994,0
90,75.27843928582583,142.93819323467443,0
53,100.89016333343577,147.53016385972302,0
2,105.61367159338118,72.80372796929721,1
84,95.73832443647066,59.20244406660022,0
92,88.2945713130095,167.11423791026596,0
60,84.71045484883611,118.97006356539802,0
71,80.93209599257972,58.72456932582137,0
44,115.77174865486955,199.22994757546508,0
8,109.83716446726375,58.66708414945499,0
47,117.90161463999075,154.25528432878298,1
35,67.45783340913269,197.55183878951203,1
78,103.85204851221866,85.87701563238883,0
81,116.30042740926227,71.33740530307942,1
36,70.87398396993962,68.20774091336433,1
50,63.98977604200665,95.49127213513933,1
4,104.46723895740354,65.156871651597,0
2,94.46838679079471,153.82420125411977,0
6,110.50972660549633,59.3437697195094,0
54,68.38634259757737,126.41331922246846,0
4,107.71603871159341,199.50452807794653,0
54,72.09763920286467,172.0955404259028,0
93,69.81935657194227,142.28291573465162,0
63,69.85594787585958,95.93804311799175,1
18,108.87448321388293,143.58437544374578,0
90,99.911833241772,129.05621958674774,0
44,91.38392548614716,113.91250758355572,1
34,81.52982904741015,69.60655651102992,1
74,112.6320324487865,182.99063228607,1
62,83.54670644535813,117.46769732319838,1
100,108.99596636829463,79.19337677311476,0
14,86.3480945142131,105.16390263159344,1
95,82.61666576549445,112.11946287933905,0
48,87.76078714017639,174.13068433503116,0
15,78.08267244984853,160.04215708421032,0
72,104.85656281057507,165.39573404620097,0
78,90.16322340554875,51.65468966429708,0
87,73.93276170880904,112.42309972696422,0
62,113.97447439647411,122.20162274529855,1
40,83.03347328239269,52.878841523458505,0
85,92.61317166683932,88.97198131175513,0
80,114.38832665787282,164.04347346832026,1
82,97.45427975483952,70.56645585934986,0
53,67.01388244250184,130.29651971788874,0
24,116.3899274168085,82.28028080258562,0
26,97.66248318428507,51.81811619658399,0
89,80.09433687942517,86.18021863993121,0
60,68.35632435980324,196.38106323650806,1
41,107.64151135621776,170.23056678244842,0
29,97.20436535571082,193.936496648155,0
15,92.0076655185793,123.17810658895436,1
45,113.63355498305745,66.46042980162552,1
65,107.31583267347185,132.19392334605396,0
89,69.10049278396507,118.15660018399413,0
71,78.7033240677329,176.6535624109424,0
9,74.90934838886794,64.7123871176367,0
88,104.63677755436062,123.23617055326673,0
1,62.011946084146764,72.50729970409765,0
8,94.193381092279,98.701389033509,1
88,105.74752114444144,160.60356160816997,0
63,112.60593820570497,121.40271940531498,0
11,80.52490492295445,106.3832427718654,0
81,109.27543828032077,109.1714417855053,0
8,66.63790421731244,118.917015260898,0
35,110.7871375040711,167.75248157555853,0
35,67.64931973991895,183.81270334103516,1
33,83.83723743362204,193.30020297558923,0
5,107.83772194677321,168.03550793829424,0
41,68.99504564092643,97.31103436220191,0
28,73.75508371395848,153.22020591298133,0
7,103.33515410358397,115.6404686083088,0
73,103.20219219276447,88.20059330690768,0
72,98.46885797311784,176.1307369138884,0
12,101.636906668026,55.76395234434875,0
34,92.56346660085578,185.26429882031354,1
33,75.10794353441716,119.22161969371012,1
48,80.74175961023516,145.58022152124207,1
23,70.89586300808554,148.9030883308674,1
62,114.5070336800177,184.26766110598047,0
88,95.00350768596724,145.50045232508108,1
37,84.0510850058184,142.09003771400927,0
99,87.72034821864796,59.997806084103495,1
44,116.83700037670891,127.76120329178062,1
86,69.2010841869648,72.52535012255625,1
91,95.17378992100782,160.61506530822282,1
35,90.35332073306796,126.83328812190118,0
65,96.68725412607887,152.034166881253,0
99,61.08661102925043,56.25093509035764,0
47,112.3274345366491,62.71880240687048,0
78,115.92709694901674,157.44850820940235,0
3,93.90799101535254,60.812650399801,0
1,101.79904943261354,60.68850916478879,1
5,115.34996287063774,51.816271285233114,0
90,102.43431805880391,193.475209744922,1
14,69.15234257485568,160.62625391885103,1
27,94.57730161000879,102.98771127530962,1
9,96.40290278297135,94.48033719314829,1
79,85.44784027814316,102.45548446187743,0
15,104.18665413748337,166.19802967717726,1
90,116.06202088614089,149.20559166056216,1
42,115.53411077440657,77.7793351801202,0
77,87.05036228424792,76.11640030011264,0
51,66.79428275044532,64.7593474570096,1
63,119.09047193774008,149.04540795520072,0
96,110.33388518675605,164.65589933326038,0
52,67.47976087219601,89.7569642487506,0
96,115.25051295704233,53.141744154636925,0
4,112.1937817237277,62.325750121464104,0
94,91.13028342756432,195.17900522675458,1
23,95.47652614469575,94.31671662161304,0
15,83.94016223220781,165.38347217572004,0
43,63.28569832932188,143.69953532813958,0
29,80.11183449875406,107.29094594793438,0
36,108.17120691588069,80.85308932933327,1
13,60.27792138027617,68.20796272391097,0
32,80.00995030146865,142.25194520583,0
71,83.8901216154566,166.1950670956682,0
59,92.24373617627538,146.5856380311696,0
86,115.19133698476563,129.54531998737374,1
28,80.78075966195767,56.29268351474544,1
66,80.81719211377366,195.27331663915757,0
42,104.25007488658491,169.8071287481862,0
45,87.13307645338843,93.92330550514471,0
62,73.47628937639891,196.9955494038276,0
57,87.1463709679616,140.28223844544831,0
6,68.45142122278799,137.363398731087,0
28,70.5832191903734,162.2109769144298,0
28,89.90206636436878,171.76546821352065,0
44,85.13552697027288,148.4717910997254,1
84,114.890754064086,69.21436195493001,1
30,81.74363394699799,100.74012589917476,0
62,94.8353010166826,189.21254604890746,1
75,97.93585727517183,83.69234177657779,0
92,60.78566739530002,105.825053575627,0
89,99.81224232100263,114.8115324416294,1
62,70.68215801218508,115.91074845416783,1
97,117.66421904816731,141.94093737417882,1
1,68.91976366518678,191.46137566170614,0
27,84.87744742362142,86.10390677487575,0
62,65.12098008471864,68.2252064451377,1
77,119.81245511075684,79.6205734789906,0
3,90.13170061987455,183.03873503139042,0
70,95.72310103920262,146.87162189828092,0
72,64.02458864330565,92.88601838587402,0
27,104.99762822395067,172.39204084529257,0
9,72.59433558573514,179.2054994545154,0
62,113.88325736644282,176.9771508035417,1
37,72.30837842892043,187.83898004593317,0
97,71.44126323981999,87.83615302600424,0
51,62.192980070885696,163.25628931194174,0
44,88.32401670659996,119.080924591121,0
24,93.89046799575698,176.29978293350922,0
79,63.94251836570114,159.27360157424198,0
59,106.53165700170064,166.46711697495869,1
32,87.19733008488166,148.42427565216073,0
96,91.4634161596548,76.61431542045602,1
88,86.44576481629369,131.75403783454075,0
52,84.04578365251956,197.70046092867622,0
62,93.57841987849307,190.60820997456784,0
58,69.31441475584275,56.47606036955175,0
52,70.91568782971626,74.72222235941557,1
12,111.70713726081104,69.75931601818428,0
39,116.76692772801796,158.89698649779433,0
2,82.39855897678518,172.66779947854178,1
3,76.24468038861323,82.02670494660079,1
56,98.63997259434095,125.87790394277435,1
81,84.52405026588579,176.10545420168,0
59,61.52318133962069,159.9202317149376,1
2,69.36915584197142,131.33558082377726,0
2,102.95833373084386,138.55215356881592,0
92,99.53543651460907,126.25408203744199,0
54,61.62575955020901,94.6322676978231,0
87,73.31832971597697,134.75329892885242,0
96,73.86448779528428,153.3327953075136,0
97,100.3135646159237,180.99843737912116,1
1,61.18263226526185,145.4437030968872,0
19,66.24651491907443,164.1682305564737,0
2,107.99496512239136,74.01074524318595,0
53,70.71267972326001,119.23362116296849,1
44,99.16476647111247,51.399742974064,0
90,74.29096686280359,87.00182967824345,0
32,65.96648356556071,158.9692572669507,1
70,74.59033145996725,198.77149270240452,1
32,103.33601591133956,64.87671493808239,0
68,111.34178808637714,110.22414737919324,0
55,109.8131918740195,170.01064530487392,1
75,83.83101177710729,80.60534519433483,0
56,100.08510819423877,133.26274239534294,0
17,72.29905772494925,159.9606944044512,1
38,77.5888638156608,142.39781753902685,0
24,113.78014911126718,78.20371019231243,0
69,60.780115410644164,103.3076853028609,0
98,65.13051185126808,167.5687676728096,0
70,72.47317530876164,133.1339771198025,0
86,61.59193223242918,50.78444203143691,1
11,70.88612610538783,164.1486140042141,0
16,94.98249365818154,55.29670324103586,0
97,85.28547303554987,161.8600674096848,0
73,113.56030266461849,80.37208402478561,0
59,109.04661370430645,193.71102201790703,1
70,80.50904110187255,105.19111269531267,0
80,75.56540600587755,99.03974245071186,0
93,82.78154449003601,72.3332075498667,0
3,95.41769655088846,95.84063232353223,0
20,76.08381844937257,181.49761427423007,0
59,97.44893447094805,199.4501506440871,1
36,84.56469913147443,105.24642957602725,1
19,93.1228308511188,117.29159464318138,0
90,86.16759174811901,158.31064073041057,0
67,77.66794557251507,182.92936706976118,1
19,116.9071984177294,138.95665012801763,1
20,105.81634764958565,108.7288547266744,0
96,68.40679054598715,111.89327612729356,0
71,112.10807855387478,154.34272197452103,0
52,89.24587189497082,50.4827395406418,1
33,113.67313361364549,142.93840061897612,1
40,107.99131535683891,103.32395156620362,0
39,85.512810268154,169.12959969156265,0
82,61.348158499207045,63.94859597346982,1
1,76.12064156309677,138.23034004225858,1
11,92.49805287965202,122.14593348291857,1
92,98.00869318956885,146.34882888578412,1
57,75.47326112599214,59.72803917244525,0
89,68.36136444436944,136.9975681142197,0
50,110.09581420795794,134.22268819392855,0
23,119.06413084221313,134.09901416242565,0
31,91.54141093816115,140.5231499894682,0
94,70.3007571508982,151.47019058395432,1
42,76.33843959116214,170.74834995211546,0
99,61.103440592848,90.47310801923214,1
7,114.85792839362995,173.7574115270093,0
16,67.06506497340847,124.73835233951804,1
90,94.59098853085521,61.558741870149674,0
60,76.44331324123236,58.782639386596884,0
2,93.2506801509476,100.13574780440912,0
1,99.08522330111185,167.73454656672013,0
48,109.7845082224321,156.15214021113735,1
12,72.3852763056362,168.29224470086098,1
69,60.65974971950883,127.59035846624141,0
37,68.21313780412844,116.02984969332358,0
32,114.0011185108863,72.1178790059426,0
9,112.43340465375091,99.22891304139674,0
99,95.8447861302185,115.1029049260813,1
19,96.0310116260192,63.290064451942584,1
48,99.90220047277532,83.09179290668169,0
80,70.52227671740698,139.73379410956082,1
3,114.8647167554976,160.34946713587846,0
20,85.12623149352439,199.75212670894246,1
24,82.98831169496985,189.96699970153364,0
54,91.13506231697025,146.38477993027874,1
33,62.817958006503304,113.18720799411079,1
24,69.97700212536476,145.4266047062349,0
75,104.28201698558223,167.8477427120348,1
72,64.96792007550759,67.7504286385081,0
36,96.1891265679833,111.48573345444323,0
38,74.72094658087926,175.9703428453426,0
84,83.35773684251859,107.5749427899566,1
99,77.32162420624199,135.780840684078,1
89,81.34036298789695,138.16540412932972,1
99,103.14275431105473,77.6714379700459,1
25,77.8273029373905,104.33531624784325,0
93,93.98427841781384,100.17669331128982,1
18,88.56302413194598,53.92950627980972,0
82,99.8202699217589,53.62876458370329,0
66,116.20978435948548,174.75455655136602,0
54,103.95432583261501,90.96062149592186,1
35,72.89642271544541,127.71181493582232,1
80,61.87098810367708,94.80883603831596,0
61,75.73584265798951,191.10188676730107,0
41,95.70467584201529,88.89451382986607,1
100,63.08554880905502,114.44852191084026,0
33,89.78197483207418,180.90953757269028,1
68,95.81057093501335,176.29003501877128,1
33,80.05463344901764,77.9152126769416,0
14,106.25473222474932,170.39649646935658,0
21,66.39589518802632,118.7280330106839,1
48,64.50826690414853,122.44533081280328,1
20,103.6913253722162,70.02199586239156,0
8,89.72947897237191,62.0902270635687,1
7,101.30414378566417,159.19089604606478,0
67,86.08964031622477,124.46917285329496,0
17,74.7841219943464,115.52760539227694,1
33,109.14613906045199,159.4262342978595,1
48,107.96495273813875,164.82693484866647,0
76,101.6817882512656,73.83622515040304,1
59,76.32870823379776,141.53377242164618,0
86,95.41384001214523,70.30311234165282,0
22,81.65843381640161,162.70626290435683,0
30,65.49492439959805,148.54327344007095,1
38,115.03881452773456,193.4921931625187,0
51,68.20911785513769,60.34370245346318,0
54,117.01424122924814,58.55820817268815,0
8,86.76034637747735,92.32806120398001,1
27,71.10797573031718,89.2558525603859,0
27,92.51405684270148,87.04681986079997,1
98,112.37675015258449,185.9381870781555,0
21,103.93349318457368,87.43192997742591,0
30,108.39366887168698,90.79245891929466,0
97,99.52700200264304,163.90973936269455,1
28,101.53659387107115,117.460976367581,1
64,110.95173909391916,166.5065835432772,0
97,74.98008053155115,59.80492363465778,0
69,89.36549781858844,123.13567905100764,0
61,73.27256650917613,55.0420400274924,0
48,119.26008047979883,59.39798051830318,0
19,116.64356038119679,185.96561800166165,0
4,62.365608682110356,70.88680566763927,0
35,102.33451035094131,129.86310234128257,0
64,115.51489904493995,111.66434039010599,0
49,70.83452070764001,102.10149893882641,1
17,94.07671383315777,184.97500185309087,0
44,114.92929785528251,53.27350951632342,0
92,62.03675871514793,149.56845292633835,1
30,101.84521603481039,194.50916513203256,0
93,77.84094044235304,134.02522751927629,0
46,115.46377172259182,190.52336930496378,0
6,118.26349470992207,57.838681892903566,0
99,116.65598934680604,112.81899786112422,0
37,88.45285299944783,89.02366864430768,0
24,111.72255905935882,159.62314474710945,1
93,110.67296391210422,197.194563574587,0
46,79.14602839459533,88.47950936663717,0
53,109.73492844904064,148.1261902211112,0
95,62.220458082929554,79.71464491396102,0
99,95.77619270892319,134.79953818574148,0
60,73.80053023726218,119.58987300325043,1
97,67.23401314663673,195.80079944473056,0
63,64.61719209775255,141.27909090446997,0
85,101.77732655268838,102.42595581302282,0
32,80.39249782608397,67.11436773319001,0
87,103.48600629172569,72.68702431024019,1
33,63.92138044793654,83.79753949268526,0
67,78.91742026983661,87.6449992010447,0
18,92.36947754252023,177.5924086761707,0
25,107.44338989033781,134.18341824237874,1
95,79.12515017592419,128.50863670615496,0
54,97.55348258622055,67.21533078038263,0
58,113.15866489417124,179.02095400241524,1
67,96.95179129093827,158.42214548127257,1
46,73.97756848521803,60.15025428500024,0
24,61.46404689339228,156.1752645844653,0
32,112.2059324340558,131.5307326013969,0
47,61.27616465102323,62.25880186201674,0
86,112.48210036105196,118.74509622929847,0
23,91.73622804163273,122.70444306950705,0
66,116.34406191077377,74.86618102449137,0
27,107.92699414641993,191.85472205004234,0
2,119.87604663200025,177.4963057220993,0
90,81.04270892710261,150.35335059936625,1
17,106.0312973358676,119.34433415009109,0
33,84.11585481655453,111.76483123767628,0
9,88.79253721823453,147.64602007264313,0
43,97.6503277931022,131.81478041103583,1
48,112.42062685118032,59.340965882282845,0
39,119.04500815195772,126.87539731554975,0
93,106.0964048318711,170.96054258492592,0
42,85.06600693004003,118.88598163954372,0
26,85.2814201366242,57.79348663314026,0
99,104.25493809533349,167.94172990760495,0
50,74.32662874609814,80.20456732039617,0
25,66.62844678788368,88.79312523320581,1
24,81.27732945844659,74.70595301484438,0
13,77.2343394992449,99.53225973072463,0
60,77.7784872273594,163.51272585329525,1
7,74.0164650629946,127.9078789255906,0
57,62.525591378181716,80.73219112260688,0
36,61.07243608400483,181.67451172280613,0
45,119.26334338416189,181.93727824272938,0
20,85.66638802415174,180.58676375690104,1
65,83.05959882958089,85.81943170723089,1
8,100.77883696158419,117.68590162714821,0
16,73.09523327190385,197.74844842113126,0
14,116.99767103701352,165.80187144649855,1
76,107.18070086493313,54.07511318383397,1
87,65.36466013873557,59.780688689073806,1
15,85.0548465470957,119.58970652184992,0
92,112.74709845372988,186.383030879234,0
98,116.68392133748462,130.80526969290713,1
66,88.04409067499219,124.67187620514353,0
32,96.80468335264246,65.82105499349458,0
87,70.02203676552452,148.51701570864412,0
63,119.4701175682186,173.31547409003383,0
86,73.90030208300661,107.06300112613435,0
51,116.56390644810753,166.3417776387991,0
25,98.97879893954212,194.67149808512175,1
58,96.46420769273155,80.56496886915336,0
63,90.76131066099052,128.4994446792112,1
62,73.84018870306552,93.07069371268634,0
22,70.5916819203305,168.9281628550759,0
58,73.22917254421051,136.63900488217362,1
58,71.18629572865527,145.18736263254556,0
86,106.7750684140052,169.68712394238412,0
49,81.0075155500038,109.39557089936824,0
52,63.47056059380378,187.2635102610565,0
42,118.14615780844868,129.954330086921,1
70,113.02715309780554,73.6932234253022,1
15,115.66513699171279,154.38486772532036,0
54,119.69446935878611,168.98920256573817,0
60,70.43371495316924,97.514251560129,0
97,83.77452113415953,178.57688854981294,1
8,105.49430854224548,185.92148821486495,0
53,101.76123708322754,91.53567310667134,0
60,69.2337543803913,197.5282209072833,0
5,108.94998749943707,71.10672920731376,0
68,73.46643431019965,80.30235026037349,0
6,73.42905688935738,77.63372588570391,1
96,92.21846537360481,184.09845650118055,0
94,95.57639609050219,148.14388284874428,0
47,94.80517247026867,72.81564248334092,1
99,65.48921024386529,116.04851275525235,1
55,112.64765175782281,142.2947037604703,0
40,75.93600255532236,62.519612748407496,0
52,67.77089527696825,182.36245526110082,0
16,113.32488479213863,170.54053031623027,0
13,117.3390898937852,125.78101603649573,0
30,111.72765703592704,195.06899228887556,0
19,108.57096448349269,112.66414689126495,0
17,99.3145188383413,197.61654785547466,1
63,93.05144223654835,150.18799982054406,0
19,65.21920559468461,145.20069098809122,0
92,84.50719278424192,74.89323429436774,0
58,82.36131102073884,182.28916374569658,1
55,75.58522702561957,114.12345318809227,1
90,103.40520682131509,74.3350108673719,1
90,89.75254410472624,51.891127996363856,1
62,64.86277295445888,133.9633525457574,1
23,73.21099211698868,129.10994331840146,0
9,100.99552581957576,157.90304335537377,0
12,64.56785156941801,183.5387079526703,0
1,111.07241484292612,61.91098769645443,1
58,89.70879162083847,159.72447355105436,1
1,88.83519463959888,78.11179161463733,0
34,95.54446707957106,178.7265579735746,0
96,109.48085795550895,172.8595270792484,0
48,80.86855247413158,131.11906324783166,1
89,100.68096915354381,156.53641979349675,0
1,93.94391783974746,97.15251697756226,0
16,76.02169621016529,120.6751848399222,0
61,112.71779918130949,173.24553465657075,0
64,107.8455612964157,118.88977957598209,1
63,99.50711007950554,103.66973979881627,0
69,111.03490374565452,124.13186708754499,1
22,112.03765205758813,174.23738786558278,0
93,102.50177860290208,100.28120710563091,0
67,110.22079970182033,76.06423897036157,0
76,101.84828770015702,156.80210304961713,1
26,100.80844630561802,173.89673190621227,0
16,97.11668269291106,65.09562177853,0
51,105.16299837345846,85.9811169133917,0
86,69.51630631758442,71.29579846414909,1
57,112.85224555193571,102.19121173732499,0
29,112.31061166471392,117.5526468358119,1
78,61.75483698207355,162.32395054449597,0
92,109.54900503388576,147.67213773225112,0
69,67.73219204840672,143.13928512176466,0
47,80.10713125554851,102.85624199144816,0
94,104.61049537749646,176.217132962714,0
62,69.6455937628985,120.69307510972469,0
69,109.07802144714373,196.86574070227317,0
76,109.92805067746451,145.12132074436053,1
16,90.44806402565017,68.93971123467541,0
90,60.383152303010014,151.4266343113151,1
90,77.22228799049476,98.76560231475484,0
48,97.01561510254453,152.94907950291463,0
85,118.87117068164541,60.446172224360865,0
39,97.9088116210001,76.23221557639391,0
100,75.58821486384959,178.36058883586796,0
33,98.04034218597668,84.07693355352723,0
94,92.39912278295134,175.556168786441,0
23,106.79072370906862,91.89141326816156,0
10,66.4188383296175,146.43228650880616,1
69,105.66167415012168,154.12258602647466,1
100,92.47599472056662,126.89821297175794,0
34,117.77952023153968,95.7966015045097,0
52,80.51232996232116,81.89665645566441,0
95,97.9573135880369,54.978403184363934,0
10,115.92168633060105,95.59196018610857,0
19,66.15058367944076,147.97441857969244,0
58,116.23370923418707,190.7457227672724,0
96,101.27314333804881,180.6806723394578,0
1,64.07022354631032,164.9097164802954,0
69,78.05781401680898,168.2671014879948,1
4,102.4903253187169,149.7477355213993,1
16,64.0410360881263,89.04302863490045,0
24,94.9302276105764,186.07925460587447,1
80,80.7529834171774,150.6098467858751,1
2,97.25493106604863,134.066094647066,0
92,62.74452202875077,66.64842038202215,0
32,112.29220836914257,117.05833157096382,0
91,118.4093381506438,119.05374068028894,1
84,118.13267131714149,179.6845414284005,1
24,104.97910990457548,131.99723302816827,0
12,67.80517440783792,107.06008234556145,0
50,105.49579175574135,196.5200492765989,0
35,61.47521498752809,66.60808899894735,0
33,61.327413091739835,113.38226424679169,0
33,79.41661314897247,56.30370127571079,1
61,89.31859142427994,160.98561811503956,0
51,106.22444506846759,187.7114828298726,1
43,100.9977225963903,92.0055994325734,1
12,86.7541623826049,178.75125151986813,1
67,76.41759997689995,93.83273456928467,0
65,119.82747000946267,186.61552424658728,0
33,85.57087813415838,163.09428553951759,0
40,87.08322145978053,170.7360165262158,0
74,69.81742927150015,52.70098334006818,0
43,107.68857292499575,194.4215535611039,0
44,101.62093354688932,159.00064881054848,0
29,73.24617676732562,95.71266430792,0
13,64.94286273695056,174.40919972882705,0
12,100.82995812448279,92.22817976223949,0
95,99.27067285686812,180.9130759349192,1
46,76.39557161989256,66.88705856179055,1
2,117.05181373502462,155.55289661911937,0
35,69.06347350685401,131.10477149673653,0
87,85.94008806255611,64.48017052931613,0
81,116.61695521005593,86.28407423882584,0
90,85.18363901556734,51.860605441597215,0
8,98.31155685984513,120.31519481967588,1
93,83.85566387776765,95.18978911400006,0
26,76.4529121409202,139.75362264466384,0
74,119.0386588775897,94.58567115629258,0
90,84.56004037890258,94.98786672604771,0
34,113.64595222074806,161.4789798097405,0
7,73.79727635346518,57.22142539675302,0
68,72.786282241505,185.4342492787981,0
58,61.86804497307068,177.83958115867722,0
75,99.10000952255311,150.17070248396098,0
29,82.11158062342567,138.98323551610764,0
36,111.86149499037822,183.84537472094783,0
89,88.39259440149343,77.79952692930716,1
21,118.09160567488331,61.84537432862429,0
36,71.13153094218727,85.92652548643072,0
10,112.11739007733664,169.18674180502853,0
73,106.59581116750451,55.200540008972496,0
24,106.25531067864313,137.42102526252344,0
64,110.68699368701326,199.3156274286965,0
99,105.66143945657993,178.3544140756309,1
49,97.57321929788492,128.21685335653842,0
99,67.87469266094325,59.54613639299635,0
36,61.95157076947511,174.70602715785645,0
82,115.2508708689412,139.8467762265816,1
96,96.99901887124429,67.23994955893502,0
24,107.79223745857058,64.07859272350343,0
23,88.891341090753,186.44402291548886,0
62,67.03849133774366,150.38003944071176,0
96,67.51114753215303,174.39301989751334,0
37,101.13391723373829,181.8468350423401,0
12,85.81835369396777,135.76585280724834,0
55,72.0314836020202,127.6169527632562,0
13,89.49567280448622,114.56411154814853,0
23,63.85253622450804,97.5419881686679,0
89,94.91828411486392,115.18939412880677,1
99,76.13960426610586,166.08194835952344,0
30,107.85354603823129,140.28851465226973,0
17,78.62171753541443,183.87849349322693,0
62,87.31320894490807,116.50700215687816,0
84,60.697232394486036,141.0634368078131,1
89,64.34681326767353,144.6961329637983,0
86,83.54961338440108,138.7545743459488,0
13,88.79633008302741,155.39506596282746,0
59,96.00123288715822,85.61502025622094,0
19,77.4997547225582,126.8545666318686,0
49,101.69891316759255,65.63372042125215,0
100,111.60734383135227,107.67669914672189,0
12,106.791059333601,123.15006029318967,1
61,62.37712952090143,147.83363893182087,0
19,88.83041683546973,192.57965788793052,1
76,66.29581070509049,140.0976599822534,1
9,74.52270095175164,161.53908742648397,1
71,119.19975559602878,125.93990892428042,0
28,68.5497325740908,145.1156047064497,0
78,89.93328920708137,60.639832420066014,1
95,97.08934405908715,88.15873712627705,0
52,102.14789823264624,104.2779639807708,0
83,93.57892100921484,120.87400325097704,1
16,60.58625084515102,56.84731182535756,1
69,79.5876784946395,71.00361463299765,0
99,91.06269860308268,91.52214616869587,0
12,65.27198994869,195.7299036351576,0
25,81.03761587255084,99.70205106545762,1
52,61.99218652748199,122.30615871681238,1
85,64.71470982930124,79.41465691075894,0
100,83.81539657209576,141.61701066136524,0
53,67.96294524258361,92.10248232739615,1
23,94.05245089569348,81.04888676576402,0
16,101.36789814823595,127.48589426689686,0
57,108.03520194654497,50.82586987406312,1
39,72.0090146546886,51.149604897383796,0
53,70.04895493554419,82.86032136527866,0
42,66.27407042006402,55.50820437512317,0
58,98.1858149726182,66.20386311960371,0
39,102.38854358921407,100.82909740081274,1
14,61.89516868953852,170.3878519369719,0
95,116.17273477462139,135.80729650539513,1
5,63.118277019088346,126.90015889346246,0
35,92.47778011806423,94.02332348121826,0
87,102.54363116705498,189.76305791492246,0
93,112.25814742476513,109.55225618557876,0
75,102.84521592794567,63.06391501936572,0
18,108.10368498418751,142.5599774176702,0
76,80.36701155256836,67.07575902149021,0
9,108.88950682479074,101.78347142025382,0
74,64.8068907830805,126.11179080767133,1
58,113.68899936363167,181.13337870277638,0
17,92.85554256922418,124.0319870510178,1
7,109.03786619774962,155.33881490474965,0
46,87.139097071098,198.92252584986056,0
13,98.6146617117915,69.72336798469725,0
40,91.58415965616679,91.20972882792793,0
42,103.89537130531991,109.18641133964695,0
9,64.89779892183537,113.2742267808247,1
50,63.62112503943383,111.65316128983187,1
27,74.82619404060878,186.14165038348324,0
66,69.5726808067913,157.10489667002847,0
5,112.3070139955321,141.18578211360557,1
29,73.15283924148267,96.40590767941731,0
37,118.55191534914788,173.5685576331942,1
38,80.21374750626642,193.25907672274835,1
83,70.92707494132196,173.17974238253396,1
8,107.38191042854875,50.234765778720934,0
65,99.52246653005257,145.46020552751105,0
86,89.89174298718834,57.67030721631511,0
17,93.32181305625787,88.64108305005828,0
71,103.15210669633584,58.92870505216575,1
89,73.70728447987793,140.56931794240816,0
45,119.78003496340452,152.98848702389103,0
4,118.487589728807,67.17314570988577,1
36,99.01954118081622,107.57583245674692,1
70,71.9725470557487,118.4354763433313,1
31,100.81369454587748,105.35795326413748,1
19,64.33190453875055,68.15375007277896,0
61,61.839150132348365,112.8421685281213,0
54,75.46097331067281,162.6767071712627,1
39,87.75737740435898,60.65114967998832,0
91,112.09635032450282,62.027002112285516,0
74,103.63014418597848,103.21569377539763,0
90,104.56239127199886,191.25885674283876,0
19,85.52960006688451,150.2858970084371,1
39,80.75609955281777,151.80049350088473,0
67,82.26232577907616,104.28799862567975,0
45,119.25897382416346,139.04911868128076,0
13,62.406551484748945,51.51967760416151,0
92,112.02188976734692,145.41440696143133,0
58,94.7205245143436,186.99304213643552,0
20,86.31692515137543,141.88602025172287,1
92,103.51545962490819,181.05478901995176,0
72,89.20013648548218,158.59595831991408,0
61,112.40539428489964,68.08376246055354,0
39,114.04211184067552,185.36799609287627,0
1,85.30325561240733,59.96657665336623,0
3,76.60966783410309,130.09512088216457,1
77,95.54101971560173,71.32056856901865,0
92,114.74180073700145,51.75599160963561,1
62,72.63973134033999,113.30513901914586,0
63,97.37799501380897,94.25610614812344,0
25,97.89361320555123,122.90007406964045,0
56,103.98678134491686,136.57998301018262,1
33,67.8940611076356,56.5608608463421,0
38,102.94949788092532,68.45049426856184,0
6,114.54195123993847,133.7963594675638,0
58,70.78098653221451,101.47510297589874,0
44,74.25259949543266,159.3760231324172,0
45,118.28370564249838,147.84374728879095,0
32,70.85861716256939,176.84065444848602,0
45,111.26310560217475,153.8739240003838,0
61,89.53667138688209,114.48966160852223,0
47,74.83386446419063,150.94499335916487,1
21,112.24499407635068,91.30717613831277,1
80,86.71831530015993,95.9470248167319,1
85,90.8890412357814,168.347773988119,0
75,81.55400216398594,116.96292746023732,0
36,95.57705108609565,169.75705107775286,0
99,69.81143235510137,173.36335605024175,0
19,83.46489219910563,178.63435064919256,0
20,118.16473934011725,187.4952853761811,0
57,75.48800596206766,114.64778307699444,0
18,99.40419987247753,97.83002274817082,0
47,79.5114038534817,137.32981198911708,1
49,106.40838754119605,105.67586351564414,0
14,67.85241964310099,140.16112502003494,0
15,118.18926270471269,155.8378793965737,0
31,87.22737248301836,153.2607527738205,0
1,74.16302780078783,106.1829330530182,0
54,64.40980483980076,75.02903025481292,1
3,70.18547430525244,114.57940076933113,1
16,91.18643691336106,71.38912161228632,0
87,80.22019058587718,183.51455527757125,1
57,109.73300195295657,101.88161911067861,1
75,85.85325141970836,73.16896208349857,1
12,74.92285635525779,53.817163985862635,1
74,97.0286991962418,146.87335794297263,0
96,102.40663301312675,145.5353476182115,0
16,70.02251447405699,101.09062498719375,0
72,70.05715297729905,60.75678332714765,0
76,62.20028561601258,111.44433423428481,1
24,104.18412090393844,96.68262425950903,0
28,99.8282716573083,151.5680959602514,1
8,88.47785254498883,140.86688741790357,1
92,110.65022693815183,104.689059229631,1
36,108.34020917700319,82.68388313824852,1
90,95.12126186380513,198.2053949233388,0
8,112.09627683079552,118.10024317941723,0
58,72.3504726022061,153.24113536703555,0
60,66.71517716386367,71.08294513675412,0
50,76.18497669101937,122.83845494890967,0
28,63.42521136535889,54.13050798041982,0
92,91.87017168006193,125.8182676865675,1
41,116.19634153769769,194.60261106765535,0
100,62.36061244011058,107.63100694787003,0
64,67.32659484060162,55.849401886236734,0
27,87.13194169700611,54.64336863790153,0
63,116.0325010516743,108.19801399203043,0
17,78.96936629860502,74.00374046947911,1
73,90.43408852130355,53.502814449227884,0
33,62.494371543023526,163.43204209252653,1
84,68.90059205772533,118.77845133228361,0
77,119.19780737753081,93.38671579589817,1
92,117.90712178616273,185.0124774524721,0
29,60.29639885606458,67.42084403007884,0
13,117.10870712539435,193.3878243432979,0
46,98.34719626893002,97.09500760660292,1
35,112.07509767120132,183.26055084630218,0
6,87.28439133803155,140.44143147191923,0
82,90.93576171475502,174.00610396122312,1
69,89.3307948154152,197.60197448156964,1
47,100.01185545276627,93.26081567281186,0
25,68.37907528537878,194.17032281113896,1
66,61.798415392360674,108.42228423536305,0
10,78.47579649547146,107.82678571053835,0
56,102.2808457641988,101.05806563817586,0
30,72.1112071273769,131.2111411021378,1
5,100.40594599949503,73.12175647677307,1
33,118.19472276643623,133.0567228037017,0
65,65.6340429473651,131.2557218615006,0
18,100.35612709350758,164.28527189073048,0
96,86.62501315827427,175.04749429063781,1
49,112.08853526265032,116.06620254686361,1
11,70.62898736684315,95.34998740272405,0
85,101.55755713356987,88.90023459756418,1
26,110.28691737888661,79.19357550573079,1
63,116.6768531684414,58.647137329853734,0
89,100.99488169737876,101.367196825207,0
86,89.83048584050565,90.53715381961749,0
59,97.07083441207283,194.9626078799611,0
27,112.1342990687231,133.65632393750658,0
49,94.23658479832977,102.09155585457614,0
77,61.82322358181021,137.0701401490544,1
33,115.85692173041866,70.87950520185433,0
98,101.37160506189366,116.60656238033043,0
99,100.59080314663478,143.93514821315958,0
1,72.94050914386303,123.33467476886771,0
21,99.53312821395943,110.26682009814863,0
55,83.63186433924952,199.07725833495473,0
6,99.07397862248953,182.04721432233904,0
92,66.39558181847944,143.510893723916,0
81,99.47071827618217,135.40660417734242,0
69,119.96482354623998,143.09907197368761,0
95,62.892722331633365,80.196816173365,1
5,118.63045105327905,109.2706614896478,0
3,84.41447764337224,55.9189299336349,0
53,112.24520702023554,121.331905623024,1
23,106.94312904349641,131.45368759364948,0
53,94.02097565920008,84.16246041548143,0
37,104.30695255507959,194.60432707482707,1
74,112.71093367808086,186.4181916405863,0
74,84.24841929906198,158.3214853183859,0
83,79.62198969379432,130.0079943148044,1
17,100.05560313381508,180.49537394715276,1
85,108.47075651647552,69.59785157351943,1
78,105.73710808659695,168.57646914123274,0
73,107.86881893151806,68.72312209502724,0
1,86.13499888877598,169.1315993824108,0
51,109.0700529705013,91.36513523770354,0
45,67.21254332223651,181.56358715272833,0
77,92.66934587765098,191.60631407380967,0
4,60.34551962988729,72.31939541076734,1
62,79.47514979401622,119.40134075980903,0
65,81.98769209228388,197.14810672440277,0
32,83.77036149655532,122.511115395972,0
34,101.72803240139173,179.53212837718178,0
92,83.31348607622074,138.30972831969797,0
95,86.92161735735183,106.29948618794029,0
72,74.25264785245965,92.86753332888054,0
39,82.3951074977604,80.4834636629131,0
26,73.6361776357891,164.26972870665458,1
34,64.39175542610661,107.98107602345418,1
54,96.20691560288267,126.69131933011268,0
3,100.09276791330097,123.8488220001773,0
50,97.16942076057687,136.59185438496968,1
12,87.80964262803434,179.83657184368283,1
65,82.7871468107538,197.11090153751442,0
54,111.80001897430952,111.13763128607255,1
5,91.14490710817309,174.12783831594544,0
94,88.75091265778386,164.67916919820766,1
94,61.53852394838614,136.02934271833598,1
57,80.47486965756939,193.40707154178997,0
17,82.81173712715142,80.07117732926042,1
47,83.92936685381403,66.38963154644321,0
23,94.81034215363994,178.0942950433133,1
79,92.0161528036127,115.87247249506224,0
85,96.47430556760668,177.04532813105908,1
14,105.8929956925277,183.96353077931224,0
66,108.7791443229656,59.368639042860714,0
75,103.08738457358967,182.5197144479091,0
51,117.33142175729608,117.24785830541333,1
38,61.0939549605817,126.56487335063483,1
64,71.74667914101276,143.98887666398153,1
98,60.45377249868853,188.957391009513,1
38,98.84848284927618,52.867414164464606,0
50,113.88183293699922,121.52652024767256,0
98,74.60893779457795,153.15830636458412,0
82,115.6220726877784,158.40604365473428,0
30,63.61604341737365,153.8798647305662,0
79,116.06616160833086,70.16526941121828,0
91,81.09736123437807,94.90933825575217,0
51,66.085249706953,103.80732881255202,0
63,89.15230555117954,170.66558115192575,0
98,75.40659406323047,91.81398086218294,0
52,77.09237411771537,81.60574458008048,1
38,78.43739789557719,193.61720285571442,1
97,108.1815538699598,51.329492767020334,1
88,92.34967660051527,199.67312835229674,0
79,78.67846194936021,151.52319482860935,0
30,96.6200269986551,174.27039491736755,1
51,102.96904045339161,94.19290945192898,0
81,76.35744004401202,52.147291650058996,0
5,84.8129460915211,160.6804277842295,0
29,67.31316560021685,175.12168955010137,0
4,70.86896097208081,161.07141979302787,0
10,100.86707123789897,71.42754309512578,0
56,70.88630086173762,163.01418833854535,0
17,91.50980302002361,165.33841731614615,0
74,102.54277570334597,148.78107735050824,0
17,66.41261538568463,164.91738991933795,1
84,94.03873317773422,176.88821595165982,0
88,75.39376702208182,142.04061713561876,0
69,117.77561251425479,63.29070709545186,1
34,89.01273880319548,123.14417145008163,0
6,108.35955298650948,61.64740020074076,0
53,93.0135925293757,111.13145465486463,0
66,62.60475197128915,111.06597336884414,0
77,97.98908253564134,59.90147662103624,0
43,117.08420053239942,102.3230800954219,1
75,96.09670920877987,66.64971481869722,0
23,109.15133156560742,171.23528150138333,0
55,113.05238780090447,192.1532038946706,0
80,73.68478631693594,60.84747128869079,0
95,72.7226903944936,193.2672810937552,0
75,96.6588593310595,128.38648990051178,0
16,84.66170818840229,94.93485169308109,0
8,110.39167817200322,61.52931129142453,0
4,114.00138740388067,125.09364021056267,0
4,81.2052827581631,169.1773316736123,0
56,74.21223353846892,156.06297159000474,1
25,106.83153091463171,57.53390171959607,0
67,76.48836213288817,60.93527530518553,0
96,109.3568591108207,110.43099239489557,0
67,85.42429521892578,94.29357410719149,1
27,100.05299395748823,84.85764845840717,0
93,65.7321188300801,92.15067483630705,0
32,97.43155948059439,170.5224114945327,1
50,87.10606072423374,189.3842080447781,1
61,95.19650779052844,110.76540417913496,0
51,70.0808524646918,185.91665031987455,0
19,104.21242469665093,98.2243551871823,1
21,111.7678246525937,121.46554795156874,1
5,73.00438800544654,83.90434967239996,1
82,65.74287333120971,146.07140632637658,0
92,61.41831516278018,196.84716727622134,0
42,98.51829002659596,140.5239644065068,0
61,96.42564216532685,103.67211261703233,1
22,92.8018447628442,147.17261689857924,0
21,73.91682576695852,68.43810176980813,0
70,83.45435975433088,183.2988620398098,1
1,95.66858011117039,125.46259261697546,0
5,89.80601153155015,117.4024613059463,1
12,119.26713121289325,137.8797182680279,0
90,68.18638515340399,143.71757941841037,0
46,101.70867324285562,60.76637093397696,0
34,84.25912608625752,152.39258318351034,1
49,85.69197689553688,86.28975204732944,0
78,103.05586593949057,157.09289487598846,0
90,101.54616907946217,173.3802191576295,1
45,119.4753596221313,170.59377613287805,0
27,67.70365736724752,132.87514511118337,0
73,66.24657896304998,128.02548384661267,0
26,103.46032902772447,71.43139420091175,0
47,94.70321502038455,166.30192256047036,0
86,76.44963999358835,90.71140706700716,0
56,64.7651621393392,124.50431342269198,0
94,65.13949497578584,92.64111393912751,0
63,113.6514524798471,70.07425444995397,0
48,71.51203948312457,144.4336545337605,0
61,79.40229372693125,58.14980522343558,0
81,73.59938413361928,162.29678511893002,0
26,81.29977834991624,97.6380192891675,0
36,64.1654305647656,50.0202039506728,0
1,91.14358745449621,126.66937088558447,0
8,64.0567538155329,57.02778627914047,1
99,108.0213904693417,91.42543367313492,0
52,74.02272491462598,156.04647311835743,1
79,92.40071487627063,59.40344324327988,1
47,112.80474525368749,175.90077385340035,0
56,99.05264214283164,50.572988398787466,0
86,91.97746719308012,87.02358038028534,0
14,79.46002518692254,161.13560842281072,1
90,79.98011478349187,97.44052245939602,0
28,100.1692173118914,65.28385820990204,0
87,119.64836167327005,104.03508782006418,0
78,99.71035139096271,90.55899295767884,1
88,93.46700504220149,176.40678532408322,1
2,103.83903061435477,97.00218763777147,0
26,87.91233673702308,168.33987076640108,0
14,63.60854055604711,183.7808217216102,0
59,93.73780895267458,115.07261293647943,0
56,117.45751707032281,186.4914715781588,1
7,70.51817654145958,106.59770809447892,0
3,101.40029344923994,194.61176247351622,0
23,72.05602131954339,63.39342867883594,0
18,92.14966106838487,153.0528899754864,1
38,65.80058697880318,124.0721060685393,1
99,87.02225617549111,108.14732081834705,0
15,105.36979973371476,144.90678181229015,1
64,80.85429145433892,155.57856374514967,0
89,99.89470346923308,50.654490447546365,0
28,107.72699764738375,75.0429633120798,0
74,115.63066916876716,156.9569075951478,0
39,74.07852491132721,149.95781203673096,0
57,83.95895494855849,194.9071257693016,1
17,69.14496079982504,164.15566853761743,0
86,119.5490101295025,192.6159061597007,0
90,115.62005807545772,155.38107523022103,0
44,92.39742781683358,94.70783129591646,0
25,110.52199766258528,65.80473833762846,1
17,91.25747863632253,167.27357950174036,0
13,97.41514128016559,146.6223832213874,0
84,65.347465926961,57.227901858994436,1
25,105.31622522980848,104.00756988514675,0
68,67.66280901811409,193.51997232264293,0
10,109.5640578151517,125.06017185653019,0
67,106.92168526022316,114.9093704029557,0
18,102.52468186457858,118.6549407738941,1
100,62.169622831485725,81.33240860077456,1
86,78.18770135671971,105.30607562971929,0
